hathair	hat_hair_00
hathair	hat_hair_01	QuiGonJinn
hathair	hat_hair_02	Anakin_Ghost
hathair	hat_hair_03	BobaFett_Boy
hathair	hat_hair_04	Anakin_Jedi
hathair	hat_hair_05	ObiWanKenobi_JediMaster
hathair	hat_hair_06	Anakin_Ghost
hathair	hat_hair_07	ObiWanKenobi_Ep3
hathair	hat_hair_08
hathair	hat_hair_09	LukeSkywalker_Pyjamas
hathair	hat_hair_10	hansolo
hathair	hat_hair_11	LandoCalrissian
hathair	hat_hair_12	CountDooku
hathair	hat_hair_13
hathair	hat_hair_14
hathair	hat_hair_15
hathair	hat_hair_16
hathair	hat_hair_17	princessleia_slave
hathair	hat_hair_18	princessleia
hathair	hat_hair_19	Padme
hathair	hat_hair_20
hathair	hat_hair_21	Palpatine
hathair	hat_hair_22	jawa
hathair	hat_hair_23	TheEmperor
hathair	hat_hair_24	DarthVader
hathair	hat_hair_25	ImperialGuard
hathair	hat_hair_26	JangoFett
hathair	hat_hair_27	bobafett
hathair	hat_hair_28	StormTrooper
hathair	hat_hair_29	atat_driver
hathair	hat_hair_30	snowtrooper
hathair	hat_hair_31	TieFighterPilot
hathair	hat_hair_32	ScoutTrooper
hathair	hat_hair_33	DeathStarTrooper
hathair	hat_hair_34
hathair	hat_hair_35	BespinGuard
hathair	hat_hair_36	ImperialOfficer
hathair	hat_hair_37
hathair	hat_hair_38	ImperialShuttlePilot
hathair	hat_hair_39	RoyalGuard
hathair	hat_hair_40	bibfortuna
hathair	hat_hair_41	Lando_PalaceGuard
hathair	hat_hair_42
hathair	hat_hair_43
hathair	hat_hair_44
hathair	hat_hair_45	Anakin_Boy
hathair	hat_hair_46
hathair	hat_hair_47	Anakin_Boy
hathair	hat_hair_48
hathair	hat_hair_49	RebelPilot
hathair	hat_hair_50	LukeSkywalker_Pilot
hathair	hat_hair_51	RebelFriend
hathair	hat_hair_52	RebelHoth
hathair	hat_hair_53	LukeSkywalker_Hoth
hathair	hat_hair_54	LukeSkywalker_Endor
hathair	hat_hair_55	HanSolo_Hood
hathair	hat_hair_56
hathair	hat_hair_57	CaptainPanaka
hathair	hat_hair_58	Luminara
hathair	hat_hair_59	ShaakTi
hathair	hat_hair_60	KitFisto
hathair	hat_hair_61	Clone
hathair	hat_hair_62	Clone_Ep3_Walker
hathair	hat_hair_63	Clone_Ep3
hathair	hat_hair_64	Clone_Ep3_Sand
hathair	hat_hair_65	Clone_Ep3_Swamp
hathair	hat_hair_66	Clone_Ep3_Swamp
hathair	hat_hair_67	PrincessLeia_Boushh
hathair	hat_hair_68	PadmeBattle
hathair	hat_hair_69	Amidala
hathair	hat_hair_70	ZamWesell
hathair	hat_hair_71	Clone_Ep3_Pilot
hathair	hat_hair_72	Dengar
hathair	hat_hair_73	HanSolo_indy
hathair	hat_hair_74
hathair	hat_hair_75
hathair	hat_hair_76
hathair	hat_hair_77
hathair	hat_hair_78	AylaSecura
head	head_01
head	head_02	MaceWindu
head	head_03	Tuskenraider
head	head_04	Lobot
head	head_05	BibFortuna
head	head_06
head	head_07	DeathStarTrooper
head	head_08
head	head_09
head	head_10	ImperialOfficer
head	head_11	benkenobi
head	head_12	RebelFriend
head	head_13	ScoutTrooper
head	head_14	Skiffguard
head	head_15	GrandMoffTarkin
head	head_16
head	head_17
head	head_18
head	head_19	Yoda
head	head_20	yoda_ghost
head	head_21	chewbacca
head	head_22	AdmiralAckbar
head	head_23	ugnaught
head	head_24	greedo
head	head_25
head	head_26	Geonosian
head	head_27	BattleDroid
head	head_28	ImperialSpy
head	head_29	C3PO
head	head_30	TC14
head	head_31	IG88
head	Head_32	r2d2
head	Head_33	r4_p17
head	Head_34	NaffDroid3
head	Head_35	PKDroid
head	Head_36	Grievous
head	Head_37
head	Head_38	JangoFett
head	Head_39	CountDooku
head	Head_40
head	Head_41	DarthMaul
head	Head_42	BattleDroid_Geonosian
head	Head_43	BattleDroid_Commander
head	Head_44	BattleDroid_Security
head	Head_45	Anakin_Boy
head	Head_46	DarthVader
head	Head_47	Anakin_Ghost
head	Head_48	Anakin_padawan
head	Head_49	Anakin_Jedi
head	Head_50	ObiWanKenobi_JediMaster
head	Head_51	ObiWanKenobi_Ep3
head	Head_52	GhostBenKenobi
head	Head_53	Dengar
head	Head_54	RebelPilot
head	Head_55	CaptainPanaka
head	Head_56	jawa
head	Head_57	Clone
head	Head_58	Bodyguard
head	Head_59	Palpatine
head	Head_60	TheEmperor
head	Head_61	HanSolo
head	Head_62	QuiGonJinn
head	Head_63	Luminara
head	Head_64	ShaakTi
head	Head_65	KitFisto
head	Head_66	LandoCalrissian
head	Head_67	LukeSkywalker_pilot
head	Head_68	RoyalGuard
head	Head_69	Padme
head	Head_70
head	Head_71	BobaFett_Boy
head	Head_72
head	Head_73	GamorreanGuard
head	Head_74
head	Head_75	bossk
head	Head_76	4Lom
head	Head_77
head	Head_78
head	Head_79
head	Head_80	LamaSu
head	Head_81	TaunWe
head	Head_82	TaunWe
head	Head_83	Ewok
head	Head_84	Wicket
head	Head_85	ZamWesell
head	Head_86	Amidala
head	Head_87	wookie
head	Head_88
head	Head_89	JarJarBinks
head	Head_90	dexter
head	Head_91	Watto
head	Head_92	KiAdiMundi
head	Head_93	BossNass
head	Head_94
head	Head_95
head	Head_96
head	Head_97	PloKoon
cape	cape_00
cape	cape_01
cape	cape_02
cape	cape_03
cape	cape_04
cape	cape_05
cape	cape_06
cape	cape_07
cape	cape_08
cape	cape_09
cape	cape_10
body	body_01
body	body_02
body	body_03
body	body_04
body	body_05
body	body_06
body	body_07
body	body_08
body	body_09
body	body_10
body	body_11
body	body_12
body	body_13
body	body_14
body	body_15
body	body_16	princessleia_slave
body	body_17	hansolo
body	body_18	lukeskywalker_tatooine
body	body_19	rebelpilot
body	body_20	lukeskywalker_jedi
body	body_21	bobafett
body	body_22	Luke Skywalker Pyjamas
body	body_23	tuskenraider
body	body_24	LukeSkywalker_Endor
body	body_25
body	body_26	greedo
body	body_27	c3po
body	body_28	grandmofftarkin
body	body_29	princessleia
body	body_30	bossk
body	body_31	bibfortuna
body	body_32	dengar
body	body_33	snowtrooper
body	body_34	ScoutTrooper
body	Body_35	Anakin_Ghost
body	Body_36	ObiWanKenobi_Ep3
body	Body_37	benkenobi
body	Body_38	4Lom
body	Body_39	Clone
body	Body_40	TC14
body	Body_41	Geonosian
body	Body_42	StormTrooper
body	Body_43	HanSolo_Skiff
body	Body_44	HanSolo_Hoth
body	Body_45	HanSolo_Endor
body	Body_46	HanSolo_Hood
body	Body_47	GrandMoffTarkin
body	Body_48	ImperialGuard
body	Body_49	BeachTrooper
body	Body_50	atat_driver
body	Body_51	TieFighterPilot
body	Body_52	ImperialEngineer
body	Body_53	ImperialShuttlePilot
body	Body_54	ImperialSpy
body	Body_55	KitFisto
body	Body_56	LandoCalrissian
body	Body_57	Lando_General
body	Body_58	Lando_Waistcoat
body	Body_59	Lando_PalaceGuard
body	Body_60	LukeSkywalker_Bespin
body	Body_61	LukeSkywalker_Dagobah
body	Body_62	LukeSkywalker_Ceremony
body	Body_63	LukeSkywalker_Hoth
body	Body_64	MaceWindu
body	Body_65	MaceWindu_Ep3
body	Body_66
body	Body_67
body	Body_68	Jawa
body	Body_69	GeneralVeers
body	Body_70	BespinGuard
body	Body_71	RoyalGuard
body	Body_72	PalaceGuard
body	Body_73	SkiffGuard
body	Body_74	MosEisleyCitizen
body	Body_75	Clone_Ep3_Walker
body	Body_76	Clone_Ep3_Swamp
body	Body_77	Clone_Ep3_Swamp
body	Body_78	Clone_Ep3_Sand
body	Body_79	Clone_Ep3_Pilot
body	Body_80	MosEisleyCitizen
body	Body_81	CloudCityCitizen
body	Body_82	CloudCityCitizen
body	Body_83	CloudCityCitizen
body	Body_84	Tennumb
body	Body_85	Niennumb
body	Body_86	Engineer
body	Body_87	AdmiralAckbar
body	Body_88	Moncalamari
body	Body_89	CantinaAliens
body	Body_90	CantinaAliens
body	Body_91	CantinaAliens
body	Body_92	Ugnaught
body	Body_93	Pondababa
body	Body_94	Lobot
body	Body_95	PrincessLeia_Hoth
body	Body_96	PrincessLeia_Boushh
body	Body_97	PrincessLeia_Bespin
body	Body_98	RebelGeneral
body	Body_99	RebelFriend
body	Body_100	RebelScum
body	Body_101	RebelHoth
body	Body_102	CountDooku
body	Body_103	DarthMaul
body	Body_104	DarthVader
body	Body_105	JangoFett
body	Body_106	Yoda
body	Body_107	Yoda_Ghost
body	Body_108	Kaminoan
body	Body_109	LamaSu
body	Body_110	TaunWe
body	Body_111	Anakin_Jedi
body	Body_112	Anakin_Padawan
body	Body_113	Anakin_Boy
body	Body_114	ObiWanKenobi
body	Body_115	TheEmperor
body	Body_116	Padme
body	Body_117	Luminara
body	Body_118	ShaakTi
body	Body_119	KiAdiMundi
body	Body_120	CaptainPanaka
body	Body_121	JarJarBinks
body	Body_122	Palpatine
body	Body_123	PadmeBattle
body	Body_124	PadmeClawed
body	Body_125	PadmeGeo
body	Body_126	PadmeUpTheDuff_Mustafar
body	Body_127	BobaFett_Boy
body	Body_128	ZamWesell
body	Body_129	BossNass
body	Body_130	CaptainTarpals
body	Body_131	gungan
body	Body_132	HanSolo_indy
body	Body_133	QuiGonJinn
body	Body_134
arms	arm_01
arms	arm_02
arms	arm_03
arms	arm_04
arms	arm_05
arms	arm_06
arms	arm_07	greedo
arms	arm_08
arms	arm_09
arms	arm_10	c3po
arms	arm_11
arms	arm_12	Pondababa
arms	arm_13
arms	arm_14
arms	arm_15
arms	arm_16
arms	arm_17
arms	arm_18
arms	arm_19
arms	arm_20
arms	arm_21
arms	arm_22
arms	arm_23
arms	arm_24
arms	arm_25
hands	hand_01
hands	hand_02
hands	hand_03
hands	hand_04
hands	hand_05	lukeskywalker_jedi
hands	hand_06	c3po
hands	hand_07	greedo
weapon	lightsabreblue
weapon	lightsabregreen
weapon	lightsabrered
weapon	lightsabrepurple
weapon	blaster
weapon	blaster_blue
weapon	pistolgrey
weapon	pistolchrome
weapon	bowcaster
underpants	under_pants_01
underpants	under_pants_02
underpants	under_pants_03
underpants	under_pants_04
underpants	under_pants_05
underpants	under_pants_06
underpants	under_pants_07
underpants	under_pants_08
underpants	under_pants_09
underpants	under_pants_10
underpants	under_pants_11
underpants	under_pants_12
underpants	under_pants_13
underpants	under_pants_14
underpants	under_pants_15	hansolo
underpants	under_pants_16	princessleia_slave
underpants	under_pants_17
underpants	under_pants_18
underpants	under_pants_19
underpants	under_pants_20
underpants	under_pants_21	LukeSkywalker_Ceremony
underpants	under_pants_22	LukeSkywalker_Bespin
underpants	under_pants_23	PrincessLeia_Prisoner
underpants	under_pants_24	PrincessLeia_Endor
underpants	under_pants_25
underpants	under_pants_26
underpants	under_pants_27	Pondababa
underpants	under_pants_28	princessleia_Boushh
underpants	under_pants_29	HanSolo_Hoth
underpants	under_pants_30	DrEvazan
underpants	under_pants_31	ScoutTrooper
underpants	under_pants_32	Geonosian
underpants	under_pants_33
underpants	under_pants_34
underpants	under_pants_35
underpants	under_pants_36	ZamWesell
legs	leg_01
legs	leg_02
legs	leg_03
legs	leg_04
legs	leg_05
legs	leg_06
legs	leg_07
legs	leg_08
legs	leg_09
legs	leg_10
legs	leg_11
legs	leg_12
legs	leg_13
legs	leg_14
legs	leg_15	hansolo
legs	leg_16	princessleia_slave
legs	leg_17
legs	leg_18	c3po
legs	leg_19	HanSolo_Hoth
legs	leg_20	HanSolo_Hood
legs	leg_21	PrincessLeia_Endor
legs	leg_22	LukeSkywalker_Bespin
legs	leg_23	LukeSkywalker_Tatooine
legs	leg_24	ShaakTi
legs	leg_25	YodaGhost
legs	leg_26	Bespin Guard
legs	leg_27	Pondababa
legs	leg_28	Kaminoan
legs	leg_29	ObiWanKenobi
legs	leg_30	Bossk
legs	leg_31	Wicket
legs	leg_32	BobaFett_Boy
legs	leg_33	Geonosian
legs	leg_34	PrincessLeia_Boushh
legs	leg_35	ZamWesell
